value;quality_dimension;group
1.4847313201044914;ka;class
2.5037319334202732;ka;class
2.9748135556345594;ka;class
2.8874410397733445;ka;class
1.280231661445498;ka;class
3.0255640581359438;ka;class
2.793123798037438;ka;class
1.2776795301538757;ka;class
1.6253257374972148;ka;class
2.8004818461948364;ka;class
1.5263339124683426;ka;class
2.5803083041792134;ka;class
1.5139849284730775;ka;class
1.65742787878514;ka;class
1.543545996569178;ka;class
1.864332740200453;ka;class
3.044673686369785;ka;class
2.3862403183545546;ka;class
1.698662774908499;ka;class
2.6093658874122254;ka;class
1.8321439471391339;ka;class
2.1451008225961252;ka;class
1.4186700072442868;ka;class
2.950823878062509;ka;class
3.011121234524369;ka;class
1.6413648987617382;ka;class
1.6263242263826727;ka;class
3.0073429249803034;ka;class
2.312288699118365;ka;class
1.4789221945771234;ka;class
3.005041360489845;ka;class
2.8269177037153397;ka;class
2.1524818250093207;kf;class
NA;kf;class
1.4755786514398517;kf;class
3.068243534582914;kf;class
3.8366627463818226;kf;class
2.267584015447595;kf;class
3.924939454436858;kf;class
2.568789777711378;kf;class
3.6276608480370194;kf;class
NA;kf;class
NA;kf;class
3.1315205807382163;kf;class
NA;kf;class
NA;kf;class
2.6752235030659883;kf;class
3.3065857189083783;kf;class
NA;kf;class
NA;kf;class
3.889209344712196;kf;class
NA;kf;class
3.659537521470823;kf;class
2.7451269633900086;kf;class
2.657677956289376;kf;class
3.367640150021801;kf;class
NA;kf;class
NA;kf;class
1.515259708888112;kf;class
3.463245185171916;kf;class
1.91223725008179;kf;class
3.5057994263932453;kf;class
NA;kf;class
2.6847167268563012;kf;class
1.8869930711280951;kk;class
2.8313292388770495;kk;class
2.381667128563117;kk;class
1.9182341032412973;kk;class
2.0304688701720397;kk;class
2.1665083434445886;kk;class
1.7305940837893141;kk;class
2.322618635780501;kk;class
2.1828345358470242;kk;class
1.971975333963151;kk;class
2.53517600664398;kk;class
2.223605308595253;kk;class
2.4971699605750914;kk;class
2.391218509029982;kk;class
2.325206416757975;kk;class
2.6416941333056108;kk;class
2.308308654082135;kk;class
2.4271849809092565;kk;class
2.152873378754783;kk;class
2.236101132913603;kk;class
2.238174997962877;kk;class
2.0738700140547013;kk;class
1.7773856662590812;kk;class
2.2224967663466777;kk;class
2.35868397198479;kk;class
2.0536499779492288;kk;class
2.3168199790398387;kk;class
2.1303239828431493;kk;class
1.9536014868900942;kk;class
2.1827194868888506;kk;class
1.7911823642674138;kk;class
2.137005805850912;kk;class
2.6348234386636062;ka;school
2.4662108497167927;ka;school
2.475872251351832;ka;school
3.305038016255121;ka;school
1.8272459972877548;ka;school
3.1197754393610935;ka;school
3.0905793307065363;ka;school
2.87544867952027;ka;school
2.2178223909747046;ka;school
2.7867434773193;ka;school
3.338523757598228;ka;school
2.776629139187227;ka;school
2.204978318121325;ka;school
2.4920550568106234;ka;school
2.4262381910737267;ka;school
2.0118024990561127;ka;school
1.9697856713031061;ka;school
2.680479692755315;ka;school
2.4931723075084573;ka;school
3.016131822560837;ka;school
2.0263355913034293;ka;school
2.1584900001439946;ka;school
2.3246286596037993;ka;school
2.8612402260775642;ka;school
2.384670775969123;ka;school
2.827819044655256;ka;school
2.7841318132597705;ka;school
2.7408348294128597;ka;school
2.671849535557248;ka;school
2.3689740399128083;ka;school
2.061577955586842;ka;school
2.276165438486331;ka;school
1.875060958366283;ka;school
2.6329026438046035;ka;school
3.072511360446679;ka;school
1.9666835830377176;ka;school
2.3050824132030887;ka;school
2.662089819630037;ka;school
1.8356685357206441;ka;school
3.1228884784626487;ka;school
2.5858585439024;ka;school
2.1446797069970844;ka;school
2.972325995433837;ka;school
2.7710629942447915;ka;school
2.429558575157755;ka;school
2.5689715166398295;ka;school
2.67124412597172;ka;school
3.112940103818472;ka;school
2.6639394680965864;ka;school
2.6577929848976525;ka;school
2.467166776519919;ka;school
2.706472819764271;ka;school
2.9100439248185093;ka;school
2.415655857622272;ka;school
1.649980546777784;ka;school
2.7980928883990686;ka;school
2.8038729322242566;ka;school
2.3229909855416255;ka;school
2.3370220278262672;ka;school
2.367334840555927;ka;school
1.7032510756383987;ka;school
2.7821504547221596;ka;school
2.9585502011437725;ka;school
2.638158287424606;ka;school
2.4825674204812516;ka;school
2.271885984241345;ka;school
2.310711671860107;ka;school
2.6966463052791916;ka;school
2.7579128291436543;ka;school
3.1687615850825637;ka;school
3.1744546180070863;ka;school
2.858886070054295;ka;school
2.487303663512611;ka;school
2.290125265467734;ka;school
2.426081606632033;ka;school
2.542735391858646;ka;school
1.3178200491072098;ka;school
2.0290643112820987;ka;school
2.290078017790423;ka;school
1.9739302925919604;ka;school
2.233260566158864;ka;school
2.497023814689182;ka;school
1.9924157517378596;ka;school
2.040653432373278;ka;school
2.120622986885937;ka;school
2.1865316415081453;ka;school
2.3298472044791905;ka;school
2.3712530107852423;ka;school
2.8240796252930185;ka;school
2.166224005737767;ka;school
2.5760875833046692;ka;school
2.252524002760939;ka;school
3.0100054530230302;ka;school
2.897202069510797;ka;school
2.180397142199992;ka;school
2.8281278182624288;ka;school
2.49232185931714;ka;school
2.5945370744145895;ka;school
2.492956684991461;ka;school
2.0965351554762566;ka;school
2.4234433600766363;ka;school
2.4512406737418964;ka;school
2.507140349264012;ka;school
2.584256862229743;ka;school
2.841537997615967;ka;school
2.308173050835091;ka;school
2.6801200287991054;ka;school
2.960940388603398;ka;school
2.2833310801149422;ka;school
2.0041887533852205;ka;school
2.2400835077949317;ka;school
2.1641369898311025;ka;school
2.0567770401061916;ka;school
1.9068060314265132;ka;school
2.803934319204064;ka;school
2.5790871940063007;ka;school
2.3876313118576395;ka;school
2.229390294518154;ka;school
2.5625455360600555;ka;school
2.4662745116851026;ka;school
1.7486544664776174;ka;school
2.3169901896383545;ka;school
2.081263041194909;ka;school
2.7032219763685226;ka;school
2.423894705938432;ka;school
3.16254534504982;ka;school
1.798520642059411;ka;school
1.7188226184578876;ka;school
3.1597263960697286;ka;school
2.5222598986806135;ka;school
2.6296085375936276;ka;school
2.822461249597469;ka;school
2.277725148898597;ka;school
2.8460033167644725;ka;school
2.6479464951667686;ka;school
2.204883154921234;ka;school
2.051110425670257;ka;school
2.61669095599811;ka;school
2.311588302089326;ka;school
2.2151313965337267;ka;school
2.6248331481475455;ka;school
2.6565346444104705;ka;school
2.677648630389065;ka;school
2.4966886984738115;ka;school
3.363924649488077;ka;school
2.4636731666310703;ka;school
2.2510583802030584;ka;school
3.0860576634992145;ka;school
2.949277585364906;ka;school
2.133305615252858;ka;school
2.367126700761546;ka;school
3.0769881783222335;ka;school
3.0603215836572057;ka;school
2.433574962117381;ka;school
2.896768822621155;ka;school
2.2761342119110406;ka;school
2.6725060755876195;ka;school
2.491289133121061;ka;school
2.986758635994478;ka;school
1.8231813546121647;ka;school
2.417213348358051;ka;school
2.5131790074212152;ka;school
2.6224947164802215;ka;school
2.519697520566037;ka;school
2.3435201411352566;ka;school
2.7469183062579403;ka;school
2.3655692764227263;ka;school
2.4130363323413087;ka;school
2.473715921413816;ka;school
3.3189780389892474;ka;school
2.5922313147208014;ka;school
2.8011834141200076;ka;school
2.5596284811552654;ka;school
2.525749917900234;ka;school
1.9812065067894873;ka;school
2.9239050185299575;ka;school
3.2376059430451534;ka;school
2.537544671423649;ka;school
3.039520965535156;ka;school
2.4328329104806268;ka;school
1.5706814814836008;ka;school
2.9641259712208843;ka;school
2.6080456418908815;ka;school
1.7108431445890624;ka;school
1.7576642067604835;ka;school
1.792502474047721;ka;school
1.7146301647791231;ka;school
1.8858914075017899;ka;school
2.619843942888563;ka;school
2.4515385192831336;ka;school
2.1540405270488923;ka;school
3.125027275614423;ka;school
3.092058900863456;ka;school
2.506765665318093;ka;school
2.9015616117159038;ka;school
2.632091217421587;ka;school
3.682601504188451;ka;school
2.28953713682036;ka;school
3.0823944401889722;ka;school
3.162282979262917;ka;school
2.956409951927766;ka;school
1.7730645656231137;ka;school
2.392218432626857;ka;school
2.253610610177675;ka;school
2.7990260481171543;ka;school
3.2909488533567397;ka;school
2.292218494953974;ka;school
3.285697451398542;ka;school
2.7792386184989937;ka;school
3.1246306067504377;ka;school
2.447518775842736;ka;school
2.601547301381658;ka;school
1.8047211404356227;ka;school
2.3018177727076963;ka;school
2.0472234656209127;ka;school
2.8708710520650045;ka;school
2.3085046188105776;ka;school
2.2845901367880646;ka;school
2.9599299238509578;ka;school
2.7621723107309393;ka;school
2.2246556610232306;ka;school
2.436380436419032;ka;school
2.0969499092444037;ka;school
2.6587708140808344;ka;school
2.473055298224454;ka;school
2.5284265126344603;ka;school
2.3760296772874248;ka;school
2.2520748245802884;ka;school
3.177126265280988;ka;school
2.3321989614815024;ka;school
2.328028394602718;ka;school
3.136960202676526;ka;school
2.9679098994111683;ka;school
3.226421910565375;ka;school
2.813666082188122;ka;school
2.4635680109339346;ka;school
2.1628942899185164;ka;school
2.1121137681367195;ka;school
2.687174687896737;ka;school
1.7597162529196326;ka;school
2.756706360522552;ka;school
1.8875626222486535;ka;school
2.3998412041996984;ka;school
2.3173620587730497;ka;school
2.819386960487756;ka;school
2.9955779933119664;ka;school
3.1838717131660874;ka;school
2.2076019963567473;ka;school
2.438250762897151;ka;school
2.152716493240143;ka;school
2.374433769646481;ka;school
2.41399696804428;ka;school
2.7387968648373255;ka;school
2.492799444655091;ka;school
1.8388073875346762;ka;school
1.908751268001091;ka;school
2.7375301397857092;ka;school
1.6601956583665547;ka;school
2.320133675469932;ka;school
2.897623807702098;ka;school
2.2697072691278835;ka;school
2.6122896458486973;ka;school
3.178102255486737;ka;school
2.2297718874904517;ka;school
2.466966496150586;ka;school
2.396566156469287;ka;school
2.2361281094484244;ka;school
1.575247124688869;ka;school
2.649364412747686;ka;school
2.2004651206088965;ka;school
2.5006144155951464;ka;school
2.429076088862583;ka;school
1.852649075477717;ka;school
2.079802051848683;ka;school
2.7343551279772345;ka;school
2.0549999548729603;ka;school
2.798659317505553;ka;school
1.5940074772147674;ka;school
2.2257042702573724;ka;school
3.0411584735860973;ka;school
2.306822209329446;ka;school
2.376785731327345;ka;school
2.738243860934577;ka;school
2.318449258849786;ka;school
1.9257040322332262;ka;school
2.1860779096915537;ka;school
2.4055502444659562;ka;school
3.3160318786863434;ka;school
1.8847526735953233;ka;school
2.339283143975395;ka;school
2.3126027862374112;ka;school
2.038618468708752;ka;school
2.55827605547166;ka;school
2.0861708559876635;ka;school
2.822568461761005;ka;school
2.6687140069032473;ka;school
2.717299015675348;ka;school
2.717776342949824;ka;school
2.6509977770970017;ka;school
2.0392616995345274;ka;school
1.9920504368494516;ka;school
2.5653493004571826;ka;school
3.0498097164261924;ka;school
3.744085549915942;ka;school
2.9500046479349264;ka;school
2.7704824700357893;ka;school
1.727485754863671;ka;school
1.7888131265477547;ka;school
2.9056937834119485;ka;school
3.0242016713518933;ka;school
1.7102433477883292;ka;school
3.0719151090660417;ka;school
3.0203884001647947;ka;school
2.58888675141232;ka;school
2.427732060585082;ka;school
2.3197553894553606;ka;school
2.3569247261236437;ka;school
2.689364585248516;ka;school
2.691937064654818;ka;school
2.636860549970937;ka;school
3.0793950425115075;ka;school
3.0616041729209234;ka;school
2.2205770247205963;ka;school
2.6075947851904604;ka;school
2.6139960395690363;ka;school
2.5794389778226674;ka;school
2.4526481389128683;ka;school
2.4557480539024437;ka;school
2.6706034565579446;ka;school
2.247718064089;ka;school
1.7681698141215605;ka;school
1.673042329036588;ka;school
2.1896989744344135;ka;school
2.5441072884285414;ka;school
2.718376907626818;ka;school
2.127034020005469;ka;school
2.612941632077248;ka;school
3.264945734579111;ka;school
2.6773146480219485;ka;school
2.6042149867924973;ka;school
2.6297111280594456;ka;school
2.83115777820734;ka;school
1.7479175729455019;ka;school
1.9151239592911935;ka;school
2.8106172811256216;ka;school
2.645700498293182;ka;school
2.661461790440893;ka;school
2.7960937093080642;ka;school
1.9185705652428011;ka;school
2.4348541736352884;ka;school
2.061594641391864;ka;school
2.751443442847991;ka;school
2.039828767853667;ka;school
1.8249991502382734;ka;school
2.1764066469909094;ka;school
2.1504112163575533;ka;school
2.8358445737138838;ka;school
2.6419620261223398;ka;school
1.789848360616789;ka;school
2.0670250346483545;ka;school
2.031833599298907;ka;school
2.2950835565096916;ka;school
2.6217622206432725;ka;school
2.3404267552465288;ka;school
2.23754944829539;ka;school
1.6636327722862656;ka;school
2.039785612069553;ka;school
2.527989812134831;ka;school
1.9859073667708687;ka;school
3.0150205998112263;ka;school
2.0283541004240395;ka;school
2.4119547583246512;ka;school
2.3739106015535016;ka;school
3.2268511425349344;ka;school
2.4563022977448177;ka;school
2.5697842300715448;ka;school
2.5197401594206164;ka;school
3.2691561260636335;ka;school
2.3556120816570494;ka;school
2.731753169596607;ka;school
2.432037615901659;ka;school
2.601314735322107;ka;school
3.047676804673045;ka;school
2.6289388896966295;ka;school
2.4455156343053583;ka;school
2.5772074833511374;ka;school
2.7995433270431485;ka;school
2.4796452751439775;ka;school
2.9841755048492065;ka;school
1.9762069154231197;ka;school
2.3038010248531955;ka;school
3.0808430009672403;ka;school
2.440848395885277;ka;school
2.363882059221462;ka;school
2.432828440190928;ka;school
2.876396287654831;ka;school
2.2496242324237694;ka;school
1.5605355422111016;ka;school
2.574099240101777;ka;school
1.8705059074626595;ka;school
2.59213915799294;ka;school
2.474225720357892;ka;school
2.137136844676679;ka;school
2.3362489157255295;ka;school
2.0908314475637355;ka;school
2.541558066408509;ka;school
2.632323482341242;ka;school
1.7769659771314916;ka;school
1.859060064462111;ka;school
2.7732035462566507;ka;school
2.9011803294396645;ka;school
2.7114885157177286;ka;school
2.304195985022533;ka;school
3.059764973108687;ka;school
1.7240393766821345;ka;school
3.0632649869151862;ka;school
2.8862062301666094;ka;school
2.829701084400851;ka;school
2.7707958609128003;ka;school
3.0622213396047187;ka;school
2.358540007034243;ka;school
2.732950791585059;ka;school
2.9646136442032667;ka;school
1.7610391029349177;ka;school
2.1805116608267388;ka;school
3.263746005422067;ka;school
2.312976772559099;ka;school
2.7975481565928195;ka;school
1.7971311083158428;ka;school
2.486891340651558;ka;school
2.4320551757823847;ka;school
2.481771263546196;ka;school
2.8670698650664472;ka;school
2.046389155858069;ka;school
2.523254796723209;ka;school
2.748196240642331;ka;school
2.050616341825576;ka;school
2.8458097039117987;ka;school
2.79930474630622;ka;school
2.3958423964189994;ka;school
3.258738665627405;ka;school
2.0109749169460653;ka;school
2.0174483740820452;ka;school
2.917850142925199;ka;school
2.9492518316844216;ka;school
2.5617665219500814;ka;school
2.598611277592339;ka;school
1.9192387531032618;ka;school
2.7427182913013914;ka;school
2.9746594140703997;ka;school
1.8778648557433584;ka;school
1.620418042573189;ka;school
2.006756743134537;ka;school
2.477602175912766;ka;school
2.667666736801042;ka;school
2.9474052508395032;ka;school
2.2368341381772505;ka;school
2.5801454412042077;ka;school
1.5106509038994538;ka;school
2.389582648363814;ka;school
2.0526951410259797;ka;school
2.4100594213210265;ka;school
2.9582921241659386;ka;school
2.283825961989273;ka;school
2.72342228075958;ka;school
2.46978183883515;ka;school
2.128041791354297;ka;school
3.054510534701116;ka;school
2.310787180375654;ka;school
2.6538693445855035;ka;school
2.2934359965970192;ka;school
2.69954088082797;ka;school
3.128956291004087;ka;school
1.8919233100982333;ka;school
1.8573797278030229;ka;school
1.8822535600173207;ka;school
3.119594902237447;ka;school
2.004872926339478;ka;school
2.711183886459392;ka;school
2.3599113099159212;ka;school
2.242154811074889;ka;school
2.163199195413376;ka;school
2.5168234354433254;ka;school
2.871746306139734;ka;school
2.8780324074355126;ka;school
2.374469410202113;ka;school
2.633399891153528;ka;school
2.053432953880962;ka;school
2.5659936849119607;ka;school
2.8796622810630423;ka;school
2.847776382571173;ka;school
3.2168541215253748;ka;school
3.131781445906507;ka;school
3.0808991816066444;ka;school
2.3064997733013146;ka;school
2.5103388972952168;ka;school
2.5369918742232733;ka;school
2.852052269354735;ka;school
2.3360329782448566;ka;school
1.7014174719304407;ka;school
2.2480279909042515;ka;school
2.22751769841229;ka;school
2.161068248283083;ka;school
2.570298558616987;ka;school
2.773002485021681;ka;school
1.671341216458364;ka;school
2.434502520125026;ka;school
2.2097998904049168;ka;school
2.7729136065139426;ka;school
2.602873397709265;ka;school
1.9339574561925892;ka;school
2.811201021671264;ka;school
2.172207673531308;ka;school
2.558929418450055;ka;school
2.7791672162664107;ka;school
2.6731695919579477;ka;school
1.9940255686013515;ka;school
2.488853949545262;ka;school
2.406293741643867;ka;school
1.4770263286295748;ka;school
2.616025321212372;ka;school
2.8691068274576597;ka;school
2.290708409370226;ka;school
2.6201650474390483;ka;school
2.391019254977529;ka;school
2.6746907393418433;ka;school
3.386711770288183;ka;school
2.8119011903290354;ka;school
2.3819224335645894;ka;school
2.1784297713645384;ka;school
2.1148788128302605;ka;school
2.7659202790183297;ka;school
2.393113148002746;ka;school
2.680379523240594;ka;school
2.5600012187958097;ka;school
3.3734658911174855;ka;school
2.59820061186939;ka;school
2.8852359393863547;ka;school
2.565765870031293;ka;school
3.0746164141040038;ka;school
2.487664414830405;ka;school
2.5405982888831447;ka;school
2.7070486566914997;ka;school
2.175705911953118;ka;school
2.6292856770526263;ka;school
2.2301939432686537;ka;school
2.4505563557993195;ka;school
2.594120622691008;ka;school
3.2338141032499075;ka;school
2.4542045455330808;ka;school
2.569720728884685;ka;school
1.6093731219511298;ka;school
2.337674508712047;ka;school
3.3546886069371453;ka;school
2.1544347637391597;ka;school
2.867670847381435;ka;school
2.2150284418666577;ka;school
2.3975678994930596;ka;school
2.6397340115938044;ka;school
2.7171424479954034;ka;school
2.2024735386049836;ka;school
2.186722522902708;ka;school
1.9111668226681637;ka;school
2.208645923372229;ka;school
2.6303970480363;ka;school
2.9212333242963613;ka;school
2.9917190525985773;ka;school
2.366768690992273;ka;school
2.998286998813432;ka;school
2.3171232837223803;ka;school
2.0478496096165766;ka;school
3.0227311533259953;ka;school
2.508253079414436;ka;school
2.408973763092424;ka;school
2.5121512193315128;ka;school
2.4935207024864185;ka;school
2.4510005990839825;ka;school
2.6137706700366015;ka;school
2.6990742214068786;ka;school
3.1161085618545727;ka;school
3.05727314677306;ka;school
2.7412767702447467;ka;school
1.9516569961193673;ka;school
2.863902716838043;ka;school
2.0427631686306844;ka;school
2.5882215882987327;ka;school
2.8868479938624585;ka;school
2.936255464181313;ka;school
1.889886772412576;ka;school
2.1073696582206876;ka;school
3.099946946899085;ka;school
2.242440819445412;ka;school
3.624434990166622;ka;school
2.4439994357257078;ka;school
2.1934585695397497;ka;school
1.8214752883286554;ka;school
3.042992397551126;ka;school
2.5140209997628093;ka;school
2.4517785361704503;ka;school
2.6423096551678134;ka;school
3.0473398261823106;ka;school
2.6960572151895317;ka;school
2.959378741251912;ka;school
2.5543347536377032;ka;school
2.281781475073456;ka;school
2.7110362866148634;ka;school
2.541524564743022;ka;school
2.825816338291332;ka;school
2.2230716917719895;ka;school
2.7660135113526376;ka;school
2.801614248862831;ka;school
2.3519065921411415;ka;school
2.3430286789308243;ka;school
2.5865100566250234;ka;school
2.541305815796745;ka;school
2.27256487132202;ka;school
1.7893138878323327;ka;school
2.9167228858159686;ka;school
2.6766039461378592;ka;school
2.938378231106686;ka;school
2.5585717560602013;ka;school
2.4233434745172833;ka;school
2.4625683988606215;ka;school
2.8597447782882224;ka;school
2.6434732101522234;ka;school
3.1996281703005294;ka;school
2.4240138774617983;ka;school
1.85974070603913;ka;school
2.6887971932615304;ka;school
2.490955662303619;ka;school
2.6748733939970513;ka;school
2.3909985596041055;ka;school
2.982887990840753;ka;school
2.21789489542623;ka;school
2.2452586903187215;ka;school
1.8907487823897544;ka;school
2.4529102912143967;ka;school
3.5962955937850345;ka;school
2.290134088378716;ka;school
2.6727695934201834;ka;school
2.3484329141764055;ka;school
1.8100055738215286;ka;school
2.322669275183838;ka;school
1.8768419561402887;ka;school
2.5952357798503978;ka;school
2.3303373559848386;ka;school
2.495183161651162;ka;school
2.060763716090794;ka;school
2.1009415213211597;ka;school
2.8229394059531265;ka;school
3.061402583477421;ka;school
2.606858472496722;ka;school
2.2862564366496563;ka;school
2.8552586052363886;ka;school
2.6875649620890076;ka;school
2.755061305014403;ka;school
2.4136105365099327;ka;school
2.217913777931324;ka;school
2.2574941281449497;ka;school
3.422007958190484;ka;school
2.57656800462464;ka;school
3.3808325949903373;ka;school
2.173487893457997;ka;school
2.1641197383580346;ka;school
2.5981733907541735;ka;school
2.3301703536895917;ka;school
1.841466501278213;ka;school
1.5411892121844908;ka;school
2.865423979908537;ka;school
2.1775480526035693;ka;school
2.4508033577486237;ka;school
1.8866906077388264;ka;school
2.4669744790206125;ka;school
2.007686837670671;ka;school
2.3393619166693926;ka;school
2.5928769821100977;ka;school
2.1927156569433897;ka;school
2.5181921594390713;ka;school
2.9148780558011715;ka;school
2.4027097722379245;ka;school
2.812658879044911;ka;school
2.0663810185341585;ka;school
1.5773118271489368;ka;school
2.9915322045340784;ka;school
2.8493627872931877;ka;school
3.082339112664586;ka;school
1.8203887916636443;ka;school
2.323768332234054;ka;school
2.8218620590763375;ka;school
2.131351894080407;ka;school
2.314488937954429;ka;school
2.089512998047128;ka;school
2.536632387960451;ka;school
2.4923146578269706;ka;school
2.7322409350421903;ka;school
2.042678716049329;ka;school
2.7170928081212224;ka;school
2.5406831802208805;ka;school
2.207325480269384;ka;school
3.0262036663062415;ka;school
2.889230318863371;ka;school
2.776060657827015;ka;school
3.0986325010038116;ka;school
2.457666926237892;ka;school
2.610137740292212;ka;school
2.120410517228907;ka;school
2.8103078418155647;ka;school
2.4683150977781536;ka;school
2.5647270243404505;ka;school
2.1722253193136787;ka;school
2.071370197722886;ka;school
1.7156943816748262;ka;school
3.009415910953448;ka;school
2.0650438089894334;ka;school
2.005982925903079;ka;school
2.394349220661332;ka;school
2.1890624844154893;ka;school
2.0240424212077763;ka;school
2.2954473206730928;ka;school
1.6850425713271495;ka;school
2.053676058714291;ka;school
2.4316100437909403;ka;school
2.1152063559988257;ka;school
3.356014136818875;ka;school
2.0965404252015793;ka;school
1.5428429774730177;ka;school
3.0269141781003217;ka;school
2.5290186980866136;ka;school
2.1300927745854925;ka;school
2.1542923031707315;ka;school
2.166606486834423;ka;school
2.0707551989404878;ka;school
1.9005338416607855;kf;school
1.6754794617287845;kf;school
NA;kf;school
NA;kf;school
2.75605741659755;kf;school
2.713166343194955;kf;school
NA;kf;school
NA;kf;school
NA;kf;school
NA;kf;school
3.199126861162954;kf;school
NA;kf;school
3.339860241538003;kf;school
NA;kf;school
NA;kf;school
2.369347668528126;kf;school
1.5368716753827185;kf;school
NA;kf;school
NA;kf;school
NA;kf;school
2.619827260223862;kf;school
NA;kf;school
2.455865619624499;kf;school
2.661446209543453;kf;school
1.0539176566811588;kf;school
1.5916496065132144;kf;school
3.314398955230393;kf;school
2.0753580508238283;kf;school
NA;kf;school
1.8199024424674797;kf;school
1.6656407573057956;kf;school
1.0106494339236807;kf;school
2.96893314177391;kf;school
2.3728811810986463;kf;school
NA;kf;school
2.527192700363973;kf;school
3.110119403443433;kf;school
3.0304331628905925;kf;school
NA;kf;school
3.4918674157338363;kf;school
NA;kf;school
2.4186392042336107;kf;school
NA;kf;school
NA;kf;school
3.648886555152844;kf;school
2.6365747961639268;kf;school
NA;kf;school
1.601572887298136;kf;school
2.158895970497036;kf;school
2.2960280891240687;kf;school
3.80185873935752;kf;school
3.2925709841764186;kf;school
3.1888623697911416;kf;school
NA;kf;school
2.2222393978537536;kf;school
1.17704362622779;kf;school
3.4647981003185695;kf;school
3.3572951199251158;kf;school
1.5533636180925061;kf;school
3.6745560869264207;kf;school
3.3711999066372997;kf;school
3.4261324395134536;kf;school
2.801715686438832;kf;school
1.8528517070070432;kf;school
NA;kf;school
NA;kf;school
2.700848740780129;kf;school
3.866562314440287;kf;school
1.2517944048581278;kf;school
NA;kf;school
NA;kf;school
NA;kf;school
3.2354332319758523;kf;school
2.8440701551497085;kf;school
3.977180868512987;kf;school
3.348766009954326;kf;school
1.897773583365911;kf;school
1.8069203423006703;kf;school
3.8253565463459203;kf;school
3.603564643088563;kf;school
2.688406021757283;kf;school
NA;kf;school
NA;kf;school
NA;kf;school
3.802994388700075;kf;school
3.0317831614340407;kf;school
2.923369417641967;kf;school
2.6365521617360925;kf;school
2.4859905910295823;kf;school
NA;kf;school
3.9385130903318655;kf;school
1.472545435913539;kf;school
NA;kf;school
1.9115352508266819;kf;school
NA;kf;school
2.84099477744901;kf;school
2.516101957315563;kf;school
3.875514274706662;kf;school
2.3674285047436694;kf;school
1.2042997234239365;kf;school
NA;kf;school
NA;kf;school
2.285523663374877;kf;school
NA;kf;school
3.7269512678789494;kf;school
NA;kf;school
NA;kf;school
NA;kf;school
NA;kf;school
3.433746286999478;kf;school
2.4036099908063413;kf;school
2.95718452178946;kf;school
NA;kf;school
NA;kf;school
NA;kf;school
3.617076043669398;kf;school
NA;kf;school
NA;kf;school
1.134116544841963;kf;school
NA;kf;school
NA;kf;school
3.116327741261386;kf;school
2.9569853126235794;kf;school
3.2906328946282994;kf;school
NA;kf;school
3.5782327837938523;kf;school
NA;kf;school
2.8184382529840044;kf;school
1.292630334881288;kf;school
3.858135957701211;kf;school
2.841657804444394;kf;school
3.1786911040592343;kf;school
NA;kf;school
2.34217221354989;kf;school
1.0635116308763284;kf;school
3.169075337359894;kf;school
1.3152347751966378;kf;school
NA;kf;school
1.9522582655883796;kf;school
3.7516080449438935;kf;school
1.7513161228880776;kf;school
2.2298893225996;kf;school
NA;kf;school
3.456880131855345;kf;school
NA;kf;school
2.6572392171333568;kf;school
NA;kf;school
2.6185302131130004;kf;school
NA;kf;school
NA;kf;school
3.8668309736122564;kf;school
1.8420724520288025;kf;school
NA;kf;school
1.5454690018581327;kf;school
1.178269980519575;kf;school
NA;kf;school
NA;kf;school
2.6393004388433474;kf;school
NA;kf;school
2.7611693563707624;kf;school
NA;kf;school
NA;kf;school
1.7138533616168052;kf;school
2.627554588735574;kf;school
NA;kf;school
2.0984406439322867;kf;school
NA;kf;school
2.776253483042675;kf;school
2.7253927687516555;kf;school
3.1221906924180174;kf;school
3.942623037603638;kf;school
NA;kf;school
NA;kf;school
1.5711262335969527;kf;school
2.4100813684248616;kf;school
NA;kf;school
1.4679536931210038;kf;school
3.622545275143858;kf;school
1.8105357638788433;kf;school
1.652268123042095;kf;school
NA;kf;school
NA;kf;school
NA;kf;school
NA;kf;school
NA;kf;school
3.8300334866678303;kf;school
2.6174066289416102;kf;school
3.52681930589358;kf;school
NA;kf;school
NA;kf;school
3.2418917014955717;kf;school
1.51618125312127;kf;school
NA;kf;school
3.022785551336733;kf;school
3.1216294551547166;kf;school
2.9412834499237595;kf;school
2.263776143781934;kf;school
3.514652939640143;kf;school
1.9430778866648233;kf;school
2.44753524446504;kf;school
NA;kf;school
2.8474178298613406;kf;school
3.6201506502499967;kf;school
3.692189453022064;kf;school
2.294225591574396;kf;school
3.8563810861259555;kf;school
NA;kf;school
2.792502720065021;kf;school
3.458932067040067;kf;school
2.93060298987149;kf;school
1.3335084078770845;kf;school
NA;kf;school
3.8822229360404417;kf;school
3.7295542576714382;kf;school
1.7496123552263052;kf;school
NA;kf;school
NA;kf;school
NA;kf;school
3.736024117355877;kf;school
3.019458308622554;kf;school
1.9135617136357261;kf;school
NA;kf;school
3.5113179965370045;kf;school
NA;kf;school
2.690289087653906;kf;school
NA;kf;school
1.667096059896639;kf;school
3.0032279191291376;kf;school
2.7860293953467177;kf;school
3.943219445094376;kf;school
NA;kf;school
NA;kf;school
NA;kf;school
NA;kf;school
NA;kf;school
3.676686852044425;kf;school
2.9009981513934413;kf;school
NA;kf;school
1.6277272222156007;kf;school
3.4636916755884903;kf;school
3.889709139960859;kf;school
NA;kf;school
NA;kf;school
2.3117500459843017;kf;school
2.1320075470371225;kf;school
3.2562497625222946;kf;school
1.436077607379021;kf;school
1.9518005749496776;kf;school
2.7507390041425395;kf;school
3.1245133363231568;kf;school
NA;kf;school
3.626200037448166;kf;school
1.663988456411558;kf;school
NA;kf;school
1.7534789881538524;kf;school
3.035990331358809;kf;school
NA;kf;school
NA;kf;school
2.9020602296040834;kf;school
NA;kf;school
1.7207789976875887;kf;school
3.2179254322106328;kf;school
NA;kf;school
NA;kf;school
3.8765423201049742;kf;school
2.9659550437280053;kf;school
NA;kf;school
3.5270004936578414;kf;school
2.0292937570442575;kf;school
1.5758442582330232;kf;school
NA;kf;school
2.7645362003335037;kf;school
2.1302621027029596;kf;school
2.610768715614238;kf;school
2.8445284772563473;kf;school
NA;kf;school
2.5849344366271936;kf;school
2.694856668093965;kf;school
NA;kf;school
1.860206104893816;kf;school
3.516079286590154;kf;school
NA;kf;school
2.9912603105488045;kf;school
2.9954525249188397;kf;school
2.21216519751578;kf;school
NA;kf;school
NA;kf;school
3.859734521634126;kf;school
2.4130960656439826;kf;school
NA;kf;school
NA;kf;school
3.007377717451611;kf;school
1.9468483873433022;kf;school
1.9959535119291416;kf;school
NA;kf;school
2.9234880998001813;kf;school
NA;kf;school
2.696964659796038;kf;school
1.760557482989416;kf;school
NA;kf;school
2.0835705581208512;kf;school
1.812020063776388;kf;school
2.7078027857389118;kf;school
NA;kf;school
NA;kf;school
2.147532738849799;kf;school
1.7956683965529245;kf;school
NA;kf;school
NA;kf;school
NA;kf;school
1.722373564422191;kf;school
2.2667221888017153;kf;school
2.733501340481185;kf;school
1.8923357829294902;kf;school
NA;kf;school
2.8650747925676074;kf;school
1.338887310821925;kf;school
NA;kf;school
NA;kf;school
NA;kf;school
2.914576227850272;kf;school
NA;kf;school
1.6859809537955528;kf;school
3.313210302186054;kf;school
1.6878867724344897;kf;school
3.119215351207911;kf;school
NA;kf;school
NA;kf;school
2.4779236022072024;kf;school
NA;kf;school
3.365071216441392;kf;school
NA;kf;school
NA;kf;school
NA;kf;school
NA;kf;school
NA;kf;school
NA;kf;school
3.8218865235682706;kf;school
NA;kf;school
2.4026168967155503;kf;school
2.0462791155967213;kf;school
3.0031117607782707;kf;school
NA;kf;school
1.8592833355137894;kf;school
3.115710218710268;kf;school
1.9496541253365287;kf;school
1.53193975533849;kf;school
2.0924652138806343;kf;school
NA;kf;school
NA;kf;school
NA;kf;school
NA;kf;school
3.3710295104237704;kf;school
NA;kf;school
NA;kf;school
1.6412323932465995;kf;school
1.3653538616246976;kf;school
2.1450653698051183;kf;school
NA;kf;school
2.1761253679794827;kf;school
NA;kf;school
2.4807030494087603;kf;school
NA;kf;school
2.833126136778729;kf;school
NA;kf;school
1.5933799353135978;kf;school
3.3749734480302753;kf;school
NA;kf;school
NA;kf;school
2.685384239142927;kf;school
1.1922382288385593;kf;school
NA;kf;school
3.38678866445643;kf;school
NA;kf;school
NA;kf;school
NA;kf;school
3.4883135486096797;kf;school
1.7330696915277015;kf;school
NA;kf;school
1.3541285819080187;kf;school
NA;kf;school
2.913033190191971;kf;school
1.2239980319464812;kf;school
3.0146780067791448;kf;school
2.5587326388516587;kf;school
NA;kf;school
NA;kf;school
1.0932268552113904;kf;school
2.9656176914446832;kf;school
1.8659134019130643;kf;school
NA;kf;school
2.2069198029468615;kf;school
NA;kf;school
NA;kf;school
3.526695411751117;kf;school
NA;kf;school
2.1712822087186803;kf;school
NA;kf;school
NA;kf;school
NA;kf;school
NA;kf;school
1.9086279319209476;kf;school
2.508906807717317;kf;school
1.919368615164742;kf;school
3.038836735977057;kf;school
3.4030263469442565;kf;school
NA;kf;school
1.3918954857868917;kf;school
NA;kf;school
2.6133163663369086;kf;school
NA;kf;school
3.938137256870012;kf;school
3.5020385050112712;kf;school
NA;kf;school
3.6312756754984883;kf;school
NA;kf;school
2.1527965309822754;kf;school
NA;kf;school
NA;kf;school
3.029789447348288;kf;school
NA;kf;school
3.1001964078382778;kf;school
2.6828029763088033;kf;school
2.884216349870527;kf;school
NA;kf;school
3.863759080003309;kf;school
NA;kf;school
3.9180364411235025;kf;school
3.9666225690850685;kf;school
2.6815862930470176;kf;school
2.768655365092672;kf;school
2.3308124392017437;kf;school
1.4670224265241398;kf;school
3.041680301393082;kf;school
NA;kf;school
NA;kf;school
NA;kf;school
1.1265217921460053;kf;school
3.7616637270707867;kf;school
2.797641163791983;kf;school
NA;kf;school
NA;kf;school
NA;kf;school
3.498420671832274;kf;school
2.087356678262881;kf;school
NA;kf;school
2.7748038420737386;kf;school
NA;kf;school
3.8702963942181836;kf;school
1.7390972467155914;kf;school
2.8672374848735362;kf;school
NA;kf;school
3.4890773133987456;kf;school
1.9020650044119896;kf;school
NA;kf;school
2.2632356863015137;kf;school
NA;kf;school
2.945969067069583;kf;school
3.5895409388362256;kf;school
2.2662154060252795;kf;school
NA;kf;school
NA;kf;school
2.2877369264255054;kf;school
2.0851839940454835;kf;school
NA;kf;school
1.6424883087236186;kf;school
2.411837736472625;kf;school
NA;kf;school
3.859521954762542;kf;school
NA;kf;school
1.1934308225698522;kf;school
2.3870354664938755;kf;school
NA;kf;school
2.1713869954162557;kf;school
2.750207425911073;kf;school
1.6680428251316144;kf;school
1.6080593713800726;kf;school
NA;kf;school
3.766050909090362;kf;school
2.034050756961273;kf;school
3.1877005230069764;kf;school
1.9522625283412234;kf;school
NA;kf;school
2.5215095032961994;kf;school
NA;kf;school
1.4354292981211554;kf;school
1.4926005522316972;kf;school
3.690139449901297;kf;school
NA;kf;school
3.3639363218303315;kf;school
2.999144375961024;kf;school
3.2747752835096993;kf;school
NA;kf;school
3.130623363223591;kf;school
2.4369822701929764;kf;school
2.7686146901823165;kf;school
2.907868069430249;kf;school
NA;kf;school
3.767183255032712;kf;school
NA;kf;school
2.8546918155144216;kf;school
NA;kf;school
NA;kf;school
NA;kf;school
NA;kf;school
NA;kf;school
1.715128963131715;kf;school
NA;kf;school
NA;kf;school
NA;kf;school
NA;kf;school
3.620722249084503;kf;school
3.3508433529718205;kf;school
2.7670003360612863;kf;school
3.527108133018475;kf;school
2.572316677833508;kf;school
NA;kf;school
NA;kf;school
3.590169265803732;kf;school
1.568848200855249;kf;school
2.4549750099966516;kf;school
2.358260680511892;kf;school
NA;kf;school
2.3670039199965767;kf;school
3.0038892054969613;kf;school
2.048130612955419;kf;school
2.083717183852471;kf;school
NA;kf;school
3.21297031368402;kf;school
2.1767973014993163;kf;school
NA;kf;school
2.9849833104020784;kf;school
3.505907922322548;kf;school
1.4957643864126877;kf;school
2.807523960808967;kf;school
NA;kf;school
NA;kf;school
NA;kf;school
NA;kf;school
2.925870325881149;kf;school
3.218825129940022;kf;school
2.663152953024057;kf;school
NA;kf;school
NA;kf;school
3.1903278106809974;kf;school
NA;kf;school
3.1686526358117177;kf;school
1.3092247062200695;kf;school
NA;kf;school
NA;kf;school
NA;kf;school
1.9267488004578197;kf;school
NA;kf;school
3.3942685617546595;kf;school
NA;kf;school
2.2889420061482184;kf;school
NA;kf;school
2.1523466401888722;kf;school
3.1436304408124296;kf;school
NA;kf;school
3.5868490915666436;kf;school
NA;kf;school
NA;kf;school
1.9065802274284078;kf;school
2.3615180869283154;kf;school
2.285927838839935;kf;school
2.707233432931224;kf;school
2.3385849363951228;kf;school
2.6497727340263095;kf;school
3.821930215034832;kf;school
2.248138545327554;kf;school
2.6696733079584196;kf;school
1.3731890947522931;kf;school
2.395289368562676;kf;school
NA;kf;school
3.789332411656344;kf;school
NA;kf;school
NA;kf;school
NA;kf;school
NA;kf;school
1.853190853846111;kf;school
1.7361218210039768;kf;school
1.6564855652194155;kf;school
1.5423583087505188;kf;school
3.794790744941841;kf;school
NA;kf;school
NA;kf;school
3.6601576268988114;kf;school
NA;kf;school
NA;kf;school
NA;kf;school
NA;kf;school
2.3060688519846653;kf;school
NA;kf;school
NA;kf;school
NA;kf;school
NA;kf;school
3.428927421910634;kf;school
2.9804943805751036;kf;school
3.269260006305578;kf;school
2.5388395199653915;kf;school
NA;kf;school
3.8433576050249934;kf;school
3.9902978089604644;kf;school
NA;kf;school
NA;kf;school
3.5467315990322876;kf;school
NA;kf;school
1.2225464160242023;kf;school
NA;kf;school
2.246090363064565;kf;school
3.0796753170585958;kf;school
3.128017602703989;kf;school
2.9810138748075796;kf;school
NA;kf;school
2.043539386371147;kf;school
3.697339339587437;kf;school
NA;kf;school
NA;kf;school
3.142405208649661;kf;school
2.6799890035119045;kf;school
2.8647061341959383;kf;school
1.4094482753977744;kf;school
1.845818593030467;kf;school
NA;kf;school
NA;kf;school
1.8714723042668862;kf;school
NA;kf;school
3.5874822040882557;kf;school
3.3156083540001142;kf;school
1.816465323250666;kf;school
NA;kf;school
2.7240093685062656;kf;school
NA;kf;school
NA;kf;school
NA;kf;school
3.0337272032256095;kf;school
2.012413962980371;kf;school
NA;kf;school
2.3926689109672132;kf;school
2.721871575219616;kf;school
2.390532382027469;kf;school
3.3021635185556204;kf;school
2.8957166292352228;kf;school
3.9798950156658996;kf;school
NA;kf;school
NA;kf;school
3.1983997220135225;kf;school
NA;kf;school
3.8850577406361317;kf;school
2.957068617964376;kf;school
NA;kf;school
NA;kf;school
NA;kf;school
2.0448878046078014;kf;school
1.494500442222776;kf;school
2.385931357211815;kf;school
NA;kf;school
2.035218912192091;kf;school
3.30094357776187;kf;school
NA;kf;school
1.9242020618782796;kf;school
1.1348291287893033;kf;school
2.9852589316205;kf;school
NA;kf;school
NA;kf;school
NA;kf;school
NA;kf;school
1.5563307441873746;kf;school
3.50994580773027;kf;school
3.6258754671562516;kf;school
2.1417427262339994;kf;school
3.918696972968151;kf;school
2.411744206334373;kf;school
2.075989495164863;kf;school
2.876017493905383;kf;school
NA;kf;school
NA;kf;school
2.236771465220881;kf;school
NA;kf;school
1.677010196822563;kf;school
NA;kf;school
1.7789773691938333;kf;school
NA;kf;school
3.379956058091844;kf;school
3.2074324477773906;kf;school
3.5856740318503024;kf;school
NA;kf;school
2.529675310421323;kf;school
1.778765791644049;kf;school
3.2170288248419134;kf;school
3.142929708503685;kf;school
NA;kf;school
1.618341327278011;kf;school
NA;kf;school
3.5985590495736184;kf;school
1.839191345639702;kf;school
2.039728316835665;kf;school
3.1963974313155883;kf;school
3.6729963750330623;kf;school
2.284221342240145;kf;school
NA;kf;school
2.552879039314635;kf;school
NA;kf;school
1.674689615229341;kf;school
3.099314859427581;kf;school
3.312968695352454;kf;school
NA;kf;school
NA;kf;school
2.5200796683007356;kf;school
3.0052708182462724;kf;school
1.6259534147999952;kf;school
NA;kf;school
NA;kf;school
NA;kf;school
NA;kf;school
3.4164324759510944;kf;school
2.107284475685858;kf;school
NA;kf;school
2.657107819361053;kf;school
2.014276907006589;kf;school
3.248832695309152;kf;school
NA;kf;school
3.9558108955091043;kf;school
2.003706777538913;kf;school
2.955876637417331;kf;school
2.0705419593320356;kf;school
1.0662439993042196;kf;school
3.305670430530647;kf;school
NA;kf;school
3.976801068087301;kf;school
NA;kf;school
2.7517135595748106;kk;school
2.5636041247650163;kk;school
2.6407747780772;kk;school
2.8147731442606347;kk;school
2.451660239628256;kk;school
2.9512902382159765;kk;school
2.7954937506546194;kk;school
2.9453945383031424;kk;school
2.0641264544125466;kk;school
2.9293862945384617;kk;school
2.894842149746147;kk;school
2.9911738879877703;kk;school
2.9706259467996623;kk;school
2.9819118526649606;kk;school
2.619666398861426;kk;school
1.7665659901321102;kk;school
2.3711412031564243;kk;school
2.1727917707349285;kk;school
2.9400241286534965;kk;school
2.849467812688768;kk;school
2.2172849306788796;kk;school
1.100409654310462;kk;school
2.1696024027007095;kk;school
2.9221031172936294;kk;school
1.871485906952201;kk;school
2.7399630177968377;kk;school
2.04616076622955;kk;school
2.4714992319815017;kk;school
2.0121854134133605;kk;school
2.837970858267544;kk;school
2.100778439596826;kk;school
2.727343137284949;kk;school
2.9481305822806085;kk;school
2.5835896157694527;kk;school
2.8319116414253513;kk;school
2.3748971078304586;kk;school
2.5012398583133915;kk;school
2.5374341685337156;kk;school
2.939178303138425;kk;school
2.660998158123849;kk;school
2.398552969943451;kk;school
2.7599078299063304;kk;school
2.6392898784165593;kk;school
2.8024472837469045;kk;school
2.863900611879975;kk;school
2.885718164050178;kk;school
2.384227211595834;kk;school
1.9263060408947783;kk;school
2.808193335996456;kk;school
1.9460678558292273;kk;school
2.9659902422525026;kk;school
2.609985322689662;kk;school
2.7857317662673924;kk;school
2.387516744470948;kk;school
2.976989627633044;kk;school
2.078511074492732;kk;school
1.1486126686124551;kk;school
2.5446734138787073;kk;school
2.774094104374697;kk;school
1.8715910222403551;kk;school
2.8967820644710716;kk;school
2.754110540135238;kk;school
2.5583733100130233;kk;school
2.69273201896406;kk;school
1.5260648860133486;kk;school
2.8388099313601542;kk;school
2.7329454513816156;kk;school
2.399228986761081;kk;school
2.7881884500102028;kk;school
2.6148904819149874;kk;school
2.429880542729249;kk;school
2.8493733132904473;kk;school
2.207880413575074;kk;school
2.0071220401003846;kk;school
2.8002500333534552;kk;school
2.7509670157622064;kk;school
1.7518164513389245;kk;school
2.9189402247727307;kk;school
2.32930064749972;kk;school
2.494571508740601;kk;school
2.13817828074473;kk;school
2.928208136971849;kk;school
2.712252150325414;kk;school
2.7447523656128676;kk;school
2.0479989133361562;kk;school
2.5734223784963177;kk;school
2.993172395808473;kk;school
2.653355705814871;kk;school
2.5900471393861753;kk;school
2.262186489791057;kk;school
2.09806704044245;kk;school
2.621311057289528;kk;school
2.202234091471001;kk;school
2.343691700386572;kk;school
2.7761727765059288;kk;school
2.258240186987141;kk;school
2.081726058939777;kk;school
2.6640115779395095;kk;school
2.809496023519659;kk;school
2.826915812114701;kk;school
2.305801471702504;kk;school
1.3218759507049755;kk;school
2.108404861944136;kk;school
2.56586385834;kk;school
2.3082796395185112;kk;school
2.535314255176249;kk;school
2.866043484740534;kk;school
2.829106255479829;kk;school
1.7441318683501326;kk;school
2.2070969593522194;kk;school
2.151255787916584;kk;school
2.950094755322313;kk;school
2.689117379284324;kk;school
2.140725977407142;kk;school
2.2147071888235437;kk;school
2.7474582903380487;kk;school
2.2711428709700043;kk;school
2.6444806099175513;kk;school
2.2795261052164126;kk;school
1.6413066770363658;kk;school
2.6917072153143287;kk;school
2.690203486514393;kk;school
2.167514687546735;kk;school
2.1154162010960813;kk;school
2.9827864981597565;kk;school
2.623959709374105;kk;school
2.4207040929916563;kk;school
2.941338908364429;kk;school
2.7508087967986423;kk;school
2.631129709341548;kk;school
2.1524569446038213;kk;school
2.6880525094357353;kk;school
2.8711060327019724;kk;school
1.475089876206277;kk;school
2.8388981294366062;kk;school
2.11432293544183;kk;school
2.374368354782843;kk;school
1.9908214344076403;kk;school
2.960766361229046;kk;school
2.7536153575601148;kk;school
2.5191613147511878;kk;school
1.9311883368918863;kk;school
2.148915212537403;kk;school
2.8994577296456328;kk;school
2.744857302702924;kk;school
2.688970841385133;kk;school
2.5687189193513156;kk;school
2.33804715594864;kk;school
2.6430806367688233;kk;school
2.839920955022867;kk;school
1.8384137103499458;kk;school
2.3285755512315327;kk;school
2.9935379161557676;kk;school
2.6085690048960406;kk;school
2.806183928401007;kk;school
2.3305798546622136;kk;school
2.778435036708054;kk;school
2.333326006004208;kk;school
2.942033993981917;kk;school
2.3169849290096542;kk;school
2.83170471974107;kk;school
2.96022649463121;kk;school
2.737724079071429;kk;school
2.9809366811176896;kk;school
2.981524943110996;kk;school
2.754970952794937;kk;school
2.43480697653767;kk;school
2.6012777999699233;kk;school
2.9657266348928655;kk;school
2.914657210775873;kk;school
2.7221443832739056;kk;school
2.1322101631040415;kk;school
2.0567524507603423;kk;school
2.9439878498381415;kk;school
2.4501098338525495;kk;school
2.981860037037118;kk;school
1.5565014999323001;kk;school
2.1466121700173546;kk;school
2.9198659331157573;kk;school
2.914222603050606;kk;school
2.3117094769178177;kk;school
2.9328616663279923;kk;school
2.9866051105994713;kk;school
2.8611786051156183;kk;school
2.8000321697782713;kk;school
2.398881939625421;kk;school
2.489156732338479;kk;school
2.718783468296516;kk;school
2.93210533612962;kk;school
2.989348944409375;kk;school
2.7629023285960415;kk;school
2.4129607490258267;kk;school
2.7381859448010553;kk;school
2.394484171962162;kk;school
2.5214541545344136;kk;school
1.5406061070103008;kk;school
2.0064155120688585;kk;school
2.7548345112047232;kk;school
2.934757978321065;kk;school
2.564499741293019;kk;school
2.646683812751069;kk;school
2.566727436813237;kk;school
2.8053483435208784;kk;school
2.6479067089329766;kk;school
2.616413635241488;kk;school
2.870376580199364;kk;school
2.831807272462702;kk;school
2.4656669546738406;kk;school
2.329041454476862;kk;school
1.5421401731725422;kk;school
1.7788387006023978;kk;school
1.5738461376273907;kk;school
2.253052858269158;kk;school
2.537160587566246;kk;school
2.926690501585418;kk;school
2.8950459993857414;kk;school
2.7769398206072657;kk;school
2.871516124370114;kk;school
2.2418257802951413;kk;school
2.0622374875693104;kk;school
2.923261592908501;kk;school
2.9240480304819356;kk;school
2.9125388938997046;kk;school
2.188117439085089;kk;school
2.4770692369588443;kk;school
2.3473444659114455;kk;school
2.849864461462365;kk;school
2.255379127079992;kk;school
2.7107616701469017;kk;school
2.5900035077543975;kk;school
2.994107780676581;kk;school
2.935759338739596;kk;school
2.8434505704919104;kk;school
2.4065738074402887;kk;school
1.7303432706853197;kk;school
2.752802052457568;kk;school
2.8745901868506993;kk;school
2.571067032808873;kk;school
2.9084239729964785;kk;school
1.6148946102231665;kk;school
2.7484387569633486;kk;school
2.893290043490826;kk;school
2.8087832221859252;kk;school
2.7788552665903716;kk;school
2.855812403389972;kk;school
2.61701068079892;kk;school
1.7400331222827934;kk;school
2.644933177379311;kk;school
2.1930730839473322;kk;school
2.5801786583157735;kk;school
2.476008754214337;kk;school
2.9105770599664136;kk;school
2.5367079550478038;kk;school
2.401598109173989;kk;school
2.673224253155054;kk;school
2.481719840363277;kk;school
1.908408954844936;kk;school
2.7396023936156157;kk;school
2.9040262184903702;kk;school
2.677056558892128;kk;school
1.8061964672304012;kk;school
2.7394653341245565;kk;school
2.9286326157737954;kk;school
2.8730180534896377;kk;school
2.352097375329448;kk;school
2.3959019842052336;kk;school
2.03067989767754;kk;school
2.5943772856472775;kk;school
2.211753266307731;kk;school
1.5939244925920122;kk;school
2.471291620137628;kk;school
2.8003073944693515;kk;school
2.3090760787181295;kk;school
2.672227749940353;kk;school
2.2668466678953716;kk;school
2.7481183648774548;kk;school
2.6126237645862957;kk;school
1.7570391955192453;kk;school
2.353049656971328;kk;school
1.9168187979455358;kk;school
2.636608328295933;kk;school
2.9677042636767244;kk;school
2.0926077505385474;kk;school
1.9539198520069387;kk;school
2.9408312075413505;kk;school
2.4195969176637546;kk;school
2.638824844793001;kk;school
2.8689640312398605;kk;school
1.6393471464931686;kk;school
2.8961632766864747;kk;school
2.6408466777155275;kk;school
1.6282511205848398;kk;school
2.4568258971259866;kk;school
2.8847935798430755;kk;school
2.2312204579000348;kk;school
2.7872615768514755;kk;school
1.5560044912780036;kk;school
2.747125703555456;kk;school
2.432653916839516;kk;school
2.7180113238766963;kk;school
2.723001629828661;kk;school
2.790912637060439;kk;school
1.9315090057616982;kk;school
2.537557682200615;kk;school
2.924638041976142;kk;school
1.2962768807224396;kk;school
2.5988895880218945;kk;school
2.8143695033778484;kk;school
2.605318905115117;kk;school
2.036063451848039;kk;school
2.488709830910626;kk;school
1.9345745759590756;kk;school
2.8315533158291273;kk;school
1.77918584227474;kk;school
1.87854556602185;kk;school
2.606076832154471;kk;school
1.382483545652283;kk;school
2.946360239046856;kk;school
2.910045965265754;kk;school
2.5050945399392823;kk;school
2.7261851509193042;kk;school
2.154732974064706;kk;school
2.4851088041928477;kk;school
2.6981635002421336;kk;school
2.6577847637805863;kk;school
2.842027534764185;kk;school
1.7213191957558844;kk;school
1.3496441146795606;kk;school
2.8133817182763443;kk;school
2.958526948734819;kk;school
2.211619782288525;kk;school
2.496752686332565;kk;school
2.763843446798121;kk;school
2.7474926415821543;kk;school
1.8124276630835865;kk;school
1.7035377745899638;kk;school
2.870391625299151;kk;school
2.081544632976598;kk;school
2.9178581893975255;kk;school
2.4746483874924103;kk;school
2.857156705709142;kk;school
2.8986873061106126;kk;school
2.696392714651825;kk;school
2.8131171049095633;kk;school
2.11507660724428;kk;school
2.0551459865751176;kk;school
2.5723065402106875;kk;school
2.6890158938190374;kk;school
2.359168902090426;kk;school
2.9193048529247574;kk;school
2.041112686554889;kk;school
2.589882829243917;kk;school
2.1291041306752434;kk;school
2.567450634683974;kk;school
2.5548025751432477;kk;school
2.304734933462609;kk;school
2.319965674167426;kk;school
1.930624953621426;kk;school
2.4185824987822997;kk;school
2.389336090366679;kk;school
2.7351465248920888;kk;school
2.5825661238534408;kk;school
2.9271842197252416;kk;school
2.9052036601937474;kk;school
2.388760125416315;kk;school
2.7934890005278965;kk;school
2.8995037748665697;kk;school
1.8830357243454507;kk;school
2.846275225620939;kk;school
2.6429476342003326;kk;school
2.926945309846871;kk;school
2.287631567037734;kk;school
2.9464687703318995;kk;school
2.9588278461379214;kk;school
2.9014204970046484;kk;school
2.8072898504401174;kk;school
2.569747899612213;kk;school
2.372769421544428;kk;school
2.2733030379411345;kk;school
2.194032350539777;kk;school
2.739770696700493;kk;school
2.577815234029806;kk;school
1.9693332842897788;kk;school
2.226584934378686;kk;school
2.915962349379693;kk;school
2.9446822840848674;kk;school
2.293532669145817;kk;school
2.1579553762881427;kk;school
2.7212580390155012;kk;school
2.7780448566203297;kk;school
2.7727640431180283;kk;school
2.5497473620735707;kk;school
2.8417211926082633;kk;school
2.573241118558203;kk;school
2.8024128054365196;kk;school
2.6611030001639286;kk;school
1.977308576607878;kk;school
2.241992170148085;kk;school
2.9541225510046796;kk;school
2.0870354105183515;kk;school
2.0566553873009235;kk;school
2.4825248091811534;kk;school
1.6852878686739359;kk;school
1.7645354887281062;kk;school
2.165074779473484;kk;school
1.8264564115363828;kk;school
2.0038870044638153;kk;school
2.8373790218490544;kk;school
2.9367769635824033;kk;school
2.729298548397292;kk;school
2.594061940154804;kk;school
2.8579259977079485;kk;school
2.42482073815741;kk;school
2.3634309055881935;kk;school
2.415903768409271;kk;school
2.378820086825998;kk;school
2.6736899266044474;kk;school
2.1683544716401033;kk;school
2.9114743520207527;kk;school
2.5388811215111087;kk;school
2.7742509612291673;kk;school
2.538159440811661;kk;school
2.5461370487341033;kk;school
1.779568659989523;kk;school
2.7017755998806883;kk;school
2.222469743625068;kk;school
2.701393808059897;kk;school
2.595915708544115;kk;school
1.9427422989862293;kk;school
1.1990181264526392;kk;school
2.8585120196965703;kk;school
2.9221335171615235;kk;school
2.8692982143324177;kk;school
2.5287313762320163;kk;school
2.890116292202245;kk;school
2.8017161523841607;kk;school
2.8294678660244466;kk;school
2.7316753151070263;kk;school
2.615154846621427;kk;school
2.813085353833738;kk;school
2.7286178759365516;kk;school
2.729128288239609;kk;school
2.951162000842876;kk;school
2.8892669003688396;kk;school
2.064556892852923;kk;school
1.2360123530461944;kk;school
2.8142042328732626;kk;school
2.895117780673153;kk;school
2.6542888067258033;kk;school
2.2584796101808;kk;school
2.8181456040681794;kk;school
2.8002548481123113;kk;school
2.9915411277438864;kk;school
2.739440132721075;kk;school
2.6385642993979324;kk;school
2.6539381441805996;kk;school
2.5577048824218767;kk;school
2.334261345801504;kk;school
2.5006391653821303;kk;school
2.7478193292024002;kk;school
2.3806662383402943;kk;school
2.117656496904356;kk;school
2.5196236346933123;kk;school
1.9975311973250367;kk;school
2.9413433596191183;kk;school
2.324814004052852;kk;school
2.36641003691971;kk;school
2.592330473911004;kk;school
2.771925956011722;kk;school
2.9798369824117703;kk;school
2.99044012275259;kk;school
2.081857559807331;kk;school
2.7656197605161577;kk;school
2.8358686273084217;kk;school
2.7630379079234406;kk;school
2.874601770124895;kk;school
2.483241896959614;kk;school
2.179516896158883;kk;school
2.937621405786515;kk;school
2.824465572755317;kk;school
2.5466167423047517;kk;school
2.8903145780076147;kk;school
2.754789736109251;kk;school
2.4925032174277555;kk;school
1.601893716802559;kk;school
2.9003143234729074;kk;school
2.4691944748413035;kk;school
2.8747137120883637;kk;school
1.719635912489835;kk;school
2.6726790385534467;kk;school
2.9335441882576467;kk;school
2.0205800521076926;kk;school
2.971686320181844;kk;school
2.9253867394601656;kk;school
2.292163803942188;kk;school
2.6531188886527075;kk;school
1.4423503130487425;kk;school
2.1485120216316473;kk;school
2.9430895587916996;kk;school
2.48608820535768;kk;school
2.859795506713031;kk;school
1.997174751176513;kk;school
2.6620888634242754;kk;school
2.4901159147907372;kk;school
2.4621510197322163;kk;school
2.5144169110635985;kk;school
2.956172629230716;kk;school
2.908118431381963;kk;school
2.7117771150212806;kk;school
2.9322001632114785;kk;school
2.7742462585120222;kk;school
2.462275350574414;kk;school
2.1427111723173833;kk;school
2.2813617324091453;kk;school
2.783896241231288;kk;school
1.9522372051854149;kk;school
1.681369490069012;kk;school
2.2917050450389005;kk;school
2.3001242972364273;kk;school
2.5439657892122383;kk;school
2.6431147094193936;kk;school
2.100323244685376;kk;school
2.7152225670274963;kk;school
2.8418876589933055;kk;school
2.8873080815446612;kk;school
2.9673183334257947;kk;school
2.4995719786762245;kk;school
1.4162192642951663;kk;school
2.11782063680471;kk;school
2.9254542807630224;kk;school
2.3972430902348534;kk;school
2.5376436711567063;kk;school
2.3342240046259146;kk;school
2.5185590541136684;kk;school
2.661159448134686;kk;school
1.8065782248369924;kk;school
2.4523363621697487;kk;school
1.7212083596844205;kk;school
2.7828044075609513;kk;school
2.271052689786598;kk;school
2.1771826946265964;kk;school
2.9019524678217183;kk;school
2.7777655124489975;kk;school
2.975196181578399;kk;school
2.609983494740932;kk;school
2.065248869737228;kk;school
2.773782214786181;kk;school
2.5919234175681303;kk;school
2.3873005596797223;kk;school
2.2883567246053746;kk;school
2.9718267908768183;kk;school
2.6407777815149474;kk;school
2.9045468236782814;kk;school
2.427037968900127;kk;school
2.2649110738950617;kk;school
2.365452618798367;kk;school
2.494625266741073;kk;school
2.8608815409620907;kk;school
2.9259787712668603;kk;school
2.958528813057796;kk;school
2.8752359728577956;kk;school
2.5190955099912737;kk;school
2.9362986793525363;kk;school
2.1722616124256118;kk;school
2.7993464809070043;kk;school
2.9036735058823298;kk;school
1.6672554757473204;kk;school
1.6089315657183867;kk;school
1.9348507914186086;kk;school
2.4759670659519855;kk;school
2.0241692960385045;kk;school
2.43926877260146;kk;school
2.759698384325833;kk;school
2.7657911445015455;kk;school
2.3565477802806023;kk;school
2.5119745949581493;kk;school
2.9857834606807057;kk;school
2.1957024199465507;kk;school
2.613852776549775;kk;school
2.322316519032256;kk;school
2.2649987245993253;kk;school
1.6822013353683118;kk;school
2.372961368606189;kk;school
2.876976568151322;kk;school
2.7936492317244883;kk;school
2.7222452660290855;kk;school
2.583638977843501;kk;school
2.9782791733713245;kk;school
2.4029220236168913;kk;school
2.3558133151197396;kk;school
2.966548125922156;kk;school
2.5320630156153925;kk;school
1.9817043961737433;kk;school
1.635407604738961;kk;school
2.555514401981778;kk;school
2.613584888444708;kk;school
2.9580212442865808;kk;school
2.454075216846834;kk;school
2.6677417890847956;kk;school
2.7661536824489388;kk;school
2.637771745535986;kk;school
2.8937085195978915;kk;school
2.5302826032205856;kk;school
1.963257097968483;kk;school
2.638302826646631;kk;school
2.6874489194264126;kk;school
2.6061635976796986;kk;school
2.9845020405205833;kk;school
2.761989957889614;kk;school
1.5886612655820818;kk;school
2.9344812504883744;kk;school
1.9393249971282434;kk;school
2.6946507112062936;kk;school
2.581889982602861;kk;school
1.8092452838500421;kk;school
2.5258449091261332;kk;school
2.5458642136746055;kk;school
2.990495900136061;kk;school
2.9083341012538404;kk;school
2.5603525139492755;kk;school
2.4099266036218183;kk;school
2.7362533343244135;kk;school
2.95274373404189;kk;school
1.403509962580052;kk;school
2.726497842891613;kk;school
NA;kk;school
2.9197490778046906;kk;school
1.3002135656251592;kk;school
2.418266311318092;kk;school
2.64510629147478;kk;school
2.4154696210623268;kk;school
2.4207550830658273;kk;school
2.4810234871790366;kk;school
2.827591431655714;kk;school
1.7178545237215121;kk;school
2.9791837078813193;kk;school
2.6273810260212365;kk;school
2.795673723121158;kk;school
2.255027801267284;kk;school
2.600354317510538;kk;school
2.4442089242980423;kk;school
2.7122177383896418;kk;school
2.81476897477881;kk;school
2.125947915935743;kk;school
2.9099502623690285;kk;school
2.614683540139788;kk;school
2.735934206647156;kk;school
2.3633174401352712;kk;school
2.572335541797236;kk;school
2.275474758013362;kk;school
2.859955536348982;kk;school
2.011805247333991;kk;school
2.1130242764679728;kk;school
2.565710867809622;kk;school
2.5664526784691386;kk;school
2.885578114373972;kk;school
2.9616519615424846;kk;school
2.941048600791562;kk;school
1.9691311618334115;kk;school
2.82182193232474;kk;school
2.6431314924747036;kk;school
2.8321697382203177;kk;school
2.2957132188314753;kk;school
2.851199294865532;kk;school
2.9787671589761016;kk;school
2.064024100391023;kk;school
2.402389328354452;kk;school
2.8446822498228754;kk;school
2.215218164683867;kk;school
2.0644105446432217;kk;school
2.9497626784629456;kk;school
1.5619080541301544;kk;school
2.9480466785205857;kk;school
2.7532877026589957;kk;school
2.4876417745572943;kk;school
2.8778212221991404;kk;school
2.827992447114342;kk;school
2.877528836843769;kk;school
2.829325242149656;kk;school
2.9745931970039354;kk;school
1.8919157438018412;kk;school
2.9151173619164035;kk;school
2.6998753740657393;kk;school
1.8615926894086232;kk;school
1.7899316520873871;kk;school
2.8857561649750934;kk;school
2.814449329368222;kk;school
2.822836645620795;kk;school
2.838739040311941;kk;school
2.9051530361900766;kk;school
2.746788211685639;kk;school
2.9558586921544805;kk;school
2.4159024614599374;kk;school
2.841271730292732;kk;school
2.8631710642862482;kk;school
2.4043685498837597;kk;school
2.459677406159751;kk;school
2.8648274693782163;kk;school
2.5619993512404418;kk;school
2.961256126893247;kk;school
2.4746224514561717;kk;school
2.583870798084311;kk;school
2.2303763509739034;kk;school
2.599699240381961;kk;school
NA;kk;school
1.8652538660429645;kk;school
2.5906037255026306;kk;school
2.781436994416944;kk;school
2.3108188031069616;kk;school
2.793494837619686;kk;school
2.9865892096856625;kk;school
2.3579158702270946;kk;school
2.8180086143002563;kk;school
2.4729408727493714;kk;school
2.8065904462965867;kk;school
2.356055186923834;kk;school
1.7010417765343366;kk;school
2.499687877877356;kk;school
2.6234944024109734;kk;school
2.4295004468028707;kk;school
2.528625448885162;kk;school
2.805394256950428;kk;school
2.895584616850146;kk;school
2.991056631807783;kk;school
2.9287339869186755;kk;school
2.8970550004535744;kk;school
2.683315098533351;kk;school
2.9537405038875364;kk;school
2.920596512939012;kk;school
2.4225480566393345;kk;school
2.821433724299039;kk;school
2.9571413825277753;kk;school
